signature,malware_name,severity
58354f2150254041505e48214341522d5354414e444152442d414e544956495255532d544553542d46494c452124482b482a,EICAR-Test-File,critical
d0cf11e0a1b11ae1,OLE2.Compound.File,low
25504446,PDF.MagicBytes,low
504b0304,ZIP.MagicBytes,low
47494638,GIF.MagicBytes,low
89504e470d0a1a0a,PNG.MagicBytes,low
3c21444f4354595045,HTML.DocType,low
cafebabe,Java.Class.MagicBytes,low
7b5c72746631,RTF.File.Header,low
ffd8ffe0,JPEG.MagicBytes,low
4d5a900003000000,Win.PE.Header,low
7f454c46,Linux.ELF.Header,low
6d73697a2e646c6c2c446c6c496e7374616c6c,MSI.Install.String,medium
00010000,ICO.Icon.MagicBytes,low
424d,BMP.MagicBytes,low
38425053,PSD.MagicBytes,low
75707821,UPX.Packed.Magic,medium
786f72206562782c206b,XOR.Encryption.Loop,high
6a006800300000,Win.Shellcode.Push,high
e800000000,Win.Shellcode.Call,high
c2115e8b7508,Mimikatz.String.Fragment,critical
8b5589e55756,Generic.Prologue.x86,low
fc89e583e4f0,Generic.Prologue.x86.Sub,low
4d6963726f736f66742056697375616c2043,MS.VisualC.String,low
4743433a2028474e5529,GCC.Compiler.String,low
426f726c616e64,Borland.Compiler.String,low
01cd0000,Windows.JMP.Instruction,medium
6857696e45786563,WinExec.String,high
4c6f61644c696272617279,LoadLibrary.String,high
47657450726f6341646472657373,GetProcAddress.String,high
5669727475616c416c6c6f63,VirtualAlloc.String,high
43726561746552656d6f7465546872656164,CreateRemoteThread.String,high
55726c446f776e6c6f6164546f46696c65,UrlDownloadToFile.String,high
496e7465726e65744f70656e,InternetOpen.String,high
61647661706933322e646c6c,advapi32.dll.String,medium
7573657233322e646c6c,user32.dll.String,medium
6b65726e656c33322e646c6c,kernel32.dll.String,medium
7773325f33322e646c6c,ws2_32.dll.String,medium
7368656c6c33322e646c6c,shell32.dll.String,medium
6e74646c6c2e646c6c,ntdll.dll.String,medium
6d73766372742e646c6c,msvcrt.dll.String,medium
006e0065007400730068,netsh.Unicode.String,medium
007000730065007800650063,psexec.Unicode.String,high
006d0069006d0069006b00610074007a,mimikatz.Unicode.String,critical
706f7765727368656c6c,powershell.String,medium
69657820284e65772d4f626a656374,powershell.iex.NewObject,high
457865637574696f6e506f6c696379,powershell.ExecutionPolicy,medium
427970617373,powershell.Bypass,high
484b4c4d5c534f4654574152455c,HKLM.Software.Registry,medium
484b43555c534f4654574152455c,HKCU.Software.Registry,medium
4c55415f52454d4f5445,LUA_REMOTE.EnvVar,high
54454d50,TEMP.EnvVar,low
41505044415441,APPDATA.EnvVar,low
5573657250726f66696c65,UserProfile.EnvVar,low
5c57696e646f77735c53797374656d3332,System32.Path,low
5c537973574f573634,SysWOW64.Path,low
72756e646c6c3332,rundll32.String,medium
737663686f73742e657865,svchost.exe.String,low
636d642e657865,cmd.exe.String,low
2f6320,cmd.c.Flag,medium
2f6b20,cmd.k.Flag,medium
6563686f20,echo.Command,low
546869732070726f6772616d2063616e6e6f742062652072756e20696e20444f53206d6f6465,DOS.Stub.Message,low
52696368,Rich.Header,low
0072006f006f0074005c,root.Unicode.String,medium
00610064006d0069006e,admin.Unicode.String,medium
726f6f743a,root.Login.String,high
61646d696e6973747261746f72,administrator.String,medium
70617373776f7264,password.String,medium
706173737764,passwd.String,medium
6c6f67696e,login.String,medium
757365726e616d65,username.String,medium
6163636f756e74,account.String,medium
63726564656e7469616c,credential.String,medium
736563726574,secret.String,medium
707269766174655f6b6579,private_key.String,high
2d2d2d2d2d424547494e205253412050524956415445204b45592d2d2d2d2d,RSA.PrivateKey.Header,high
736861646f77,shadow.ETC.File,high
2e7373682f,ssh.Directory,medium
69645f727361,id_rsa.File,high
617574686f72697a65645f6b657973,authorized_keys.File,high
2e626173685f686973746f7279,bash_history.File,medium
5c505454,PTT.Registry.Key,critical
437279707447656e52616e646f6d,CryptGenRandom.String,medium
437279707441637175697265436f6e74657874,CryptAcquireContext.String,medium
4372797074456e6372797074,CryptEncrypt.String,high
437279707444656372797074,CryptDecrypt.String,high
57414e4e41435259,WannaCry.String,critical
574e435259,WNCY.WannaCry.String,critical
6b65792e64617461,key.data.Ransom.File,high
726561646d652e747874,readme.txt.Ransom.Note,high
646563727970745f696e737472756374696f6e73,decrypt_instructions.Ransom.Note,high
2e6c6f636b6564,locked.File.Extension,high
2e656e63727970746564,encrypted.File.Extension,high
687474703a2f2f,http.Prefix,low
68747470733a2f2f,https.Prefix,low
3a38303830,Port.8080,low
3a3830,Port.80,low
3a343433,Port.443,low
3a33333839,Port.3389.RDP,medium
3a3232,Port.22.SSH,medium
3a3231,Port.21.FTP,medium
3a3235,Port.25.SMTP,medium
2e6f6e696f6e,onion.Tor.Domain,high
626974636f696e3a,bitcoin.Address.Prefix,high
4d696e657247617465,MinerGate.String,high
786d726967,xmrig.Miner.String,high
436f696e48697665,CoinHive.Miner.String,high
6a732e6d696e,js.min.String,low
4a7175657279,JQuery.String,low
3c736372697074,script.HTML.Tag,low
3c696672616d65,iframe.HTML.Tag,medium
7374796c653d22646973706c61793a6e6f6e6522,style.display.none,medium
7669736962696c6974793a68696464656e,visibility.hidden,medium
4f6e4572726f72526573756d654e657874,OnErrorResumeNext.VBS,high
4372656174654f626a6563742822575363726970742e5368656c6c2229,WScript.Shell.Create,high
43616c6c42794e616d65,CallByName.VBA,high
4c696272654f6666696365,LibreOffice.String,low
4175746f4f70656e,AutoOpen.VBA,high
446f63756d656e745f4f70656e,Document_Open.VBA,high
5368656c6c28,Shell.VBA.Function,high
43687228,Chr.VBA.Function,medium
426173653634,Base64.Marker,medium
66726f6d43686172436f6465,fromCharCode.JS,medium
6576616c28,eval.JS.Function,high
756e65736361706528,unescape.JS.Function,high
73657454696d656f757428,setTimeout.JS.Function,low
646f63756d656e742e7772697465,document.write.JS,low
2f7838362f,x86.Metasploit.Marker,high
2f7836342f,x64.Metasploit.Marker,high
4d45544552505245544552,METERPRETER.Metasploit,critical
70776e656421,pwned.String,medium
4841434b4544,HACKED.String,medium
2e707764,pwd.Command,medium
6c73202d6c61,ls.Command,medium
77686f616d69,whoami.Command,medium
6e657473746174202d616e,netstat.Command,medium
6970636f6e666967,ipconfig.Command,medium
6966636f6e666967,ifconfig.Command,medium
70696e6720,ping.Command,low
74726163657274,tracert.Command,low
5041434b4554204d414e,PacketMan.String,critical
4e6d6170205363616e,Nmap.Scan.String,medium
537475786e6574,Stuxnet.Marker,critical
466c616d65,Flame.Malware.Marker,critical
44757175,Duqu.Malware.Marker,critical
4761757373,Gauss.Malware.Marker,critical
526567696e,Regin.Malware.Marker,critical
4571756174696f6e47726f7570,EquationGroup.Marker,critical
546865204861636b657227732043686f696365,THC.Tool.String,medium
6c30706874637261636b,l0phtcrack.Tool.String,medium
4361696e2026204162656c,Cain&Abel.Tool.String,medium
6a6f686e2e657865,john.exe.Tool.String,medium
68617368636174,hashcat.Tool.String,medium
546f722042726f77736572,Tor.Browser.String,medium
50726f7879,Proxy.String,low
56504e,VPN.String,low
616e6f6e796d6f7573,anonymous.String,medium
736f636b7335,socks5.Proxy,medium
736f636b7334,socks4.Proxy,medium
434320736572766572,C&C.Server.String,high
626f746e6574,botnet.String,high
7a6f6d626965,zombie.Bot.String,high
44446f53,DDoS.String,high
53796e466c6f6f64,SynFlood.DDoS.String,high
4b65796c6f67676572,Keylogger.String,critical
486f6f6b,Hook.API.String,high
494154,IAT.Hooking.Marker,high
454154,EAT.Hooking.Marker,high
496e6a656374,Inject.Code.String,high
53707977617265,Spyware.String,high
416477617265,Adware.String,medium
54726f6a616e,Trojan.String,high
526f6f746b6974,Rootkit.String,critical
4261636b646f6f72,Backdoor.String,critical
576f726d,Worm.String,high
52616e736f6d77617265,Ransomware.String,critical
506f6c796d6f727068,Polymorph.Engine.String,high
4d6574616d6f727068,Metamorph.Engine.String,high
416e7469564d,AntiVM.Check.String,high
564d77617265,VMware.Check.String,medium
5669727475616c426f78,VirtualBox.Check.String,medium
53616e64626f78,Sandbox.Check.String,high
416e74694465627567,AntiDebug.Check.String,high
4973446562756767657250726573656e74,IsDebuggerPresent.Check,high
4f6c6c79446267,OllyDbg.Debugger,high
494441,IDA.Pro.Debugger,high
77696e646267,WinDbg.Debugger,high
783634646267,x64dbg.Debugger,high
706562656172,PEBear.Tool,medium
434646204578706c6f726572,CFFExplorer.Tool,medium
50726f63657373204861636b6572,ProcessHacker.Tool,medium
50726f636d6f6e,ProcMon.Tool.String,medium
52656773686f74,Regshot.Tool.String,medium
57697265736861726b,Wireshark.Tool.String,medium
466964646c6572,Fiddler.Tool.String,medium
00640072006f0070007000650064,dropped.Unicode.String,high
006d0061006c0077006100720065,malware.Unicode.String,high
0069006e0066006500630074,infect.Unicode.String,high
0073007400650061006c,steal.Unicode.String,high
6d0065007300730061006700650062006f0078,messagebox.Unicode.String,medium