type,pattern,description,severity
string,mimikatz,Mimikatz Hacking Tool,critical
string,WANACRY,WannaCry Ransomware Marker,critical
string,key.data,Ransomware Key File,high
string,decrypt_instructions,Ransomware Instruction File,high
string,.locked,Ransomware File Extension,high
string,LSA Secrets,Credential Dumping Target,critical
string,lsass.exe,LSASS Process (for dumping),high
string,CreateRemoteThread,Classic Process Injection API,high
string,VirtualAllocEx,Process Injection API,high
string,WriteProcessMemory,Process Injection API,high
string,psexec.exe,PsExec Remote Admin Tool,high
string,Invoke-Mimikatz,PowerShell Hacking Tool,critical
string,Invoke-Expression,PowerShell Remote Execution,high
string,ExecutionPolicy,PowerShell Policy Evasion,medium
string,Bypass,PowerShell Policy Evasion,medium
string,wscript.shell,VBS/JS Shell Object,high
string,OnErrorResumeNext,VBS Error Hiding,high
string,AutoOpen,VBA Auto-Exec Macro,high
string,Document_Open,VBA Auto-Exec Macro,high
string,Shell,VBA/VBS Shell Command,high
string,meterpreter,Metasploit Payload,critical
string,keylogger,Keylogging Functionality,critical
string,rootkit,Rootkit Functionality,critical
string,backdoor,Backdoor Functionality,critical
string,cainabel,Cain and Abel Tool,high
string,hashcat,Hashcat Cracking Tool,medium
string,john.exe,John the Ripper Tool,medium
string,x64dbg,x64/x32 Debugger Name,medium
string,OllyDbg,OllyDbg Debugger Name,medium
string,IsDebuggerPresent,Anti-Debug Technique,high
string,UPX!,UPX Packer Signature,medium
string,Themida,Themida Protector,medium
string,VMware,VMware Artefact (Anti-VM),medium
string,VirtualBox,VirtualBox Artefact (Anti-VM),medium
string,tor.exe,Tor Browser Executable,medium
string,.onion,Tor Hidden Service Domain,high
regex,(?:[0-9]{1,3}\.){3}[0-9]{1,3},Embedded IPv4 Address,low
regex,(?:https?|ftp|smb)://,Network Protocol URL,low
regex,C:\\Users\\[^\\]+\\AppData,AppData File Path,low
regex,C:\\Windows\\Temp,Windows Temp Path,low
regex,bc1[a-zA-HJ-NP-Z0-9]{25,39},Bitcoin Bech32 Address (Ransomware),critical
regex,[13][a-km-zA-HJ-NP-Z1-9]{25,34},Bitcoin Legacy Address (Ransomware),critical
regex,4[0-9AB][1-9A-HJ-NP-Za-km-z]{93},Monero Address (Cryptominer),critical
regex,(?:0x)?[0-9a-fA-F]{40,},Potential Hex-Encoded Key/Hash,medium